name,email,phone,ssn,address,dob,credit_card,salary,age
Allison Hill,jillrhodes@miller.com,890.838.6379,285-01-2616,"2351 Noah Knolls Suite 940, Herrerafurt, OH 38928",1997-04-12,3593103413164756,106731.22,19
Henry Santiago,amandasanchez@gray-mayo.net,503.056.4139,898-92-5156,"7242 Julie Plain Suite 969, Coxberg, NM 12416",2005-12-07,502022691666,118986.06,33
Julie King,maldonadoamanda@mack-peterson.com,(270)482-8148x93252,553-68-0010,"15430 Natalie Common Apt. 718, East Donna, GA 35242",1990-05-30,3538346578713317,56785.29,65
Kevin Hall,jonescrystal@jones.com,834-738-2997,249-61-6670,"656 Owens Stream, Lake Deniseville, MO 95949",1977-08-04,2243387262473170,42299.42,65
Savannah Garcia,housemelinda@russell.com,(026)064-7468x7234,223-08-9490,"500 Shaw Walk, North Susan, HI 09482",1994-12-29,2246193990916994,137061.55,23
Taylor Harris,josephanderson@hotmail.com,751-079-9118x3842,358-09-4003,"8498 Elizabeth Plaza, Sarahville, DC 35165",1962-05-10,2702449353487404,100859.1,20
Jeff Hill,kellie42@ramos.com,280-598-2620,316-47-0654,"PSC 3315, Box 8692, APO AE 21800",1966-07-20,6011256342160738,33575.67,31
Thomas Bailey,andrewlee@ramirez-jones.com,(868)501-4294x019,445-45-5140,"9340 Smith Valley, West Ryan, MA 82179",1975-11-12,4484656482366297,57919.31,56
Jennifer Bass,jason99@hotmail.com,777-387-2148x95134,231-26-2415,"9176 Jennifer Lights, Rossberg, UT 01227",2005-08-09,2332870831727889,33184.32,30
Tiffany Vance,vmerritt@yahoo.com,434.873.4714x345,328-70-1321,"2316 Rivera Mountain, Brownchester, WI 77057",2001-10-31,639096705467,115922.35,62
Tiffany Barnes,brobinson@johnson-rogers.biz,001-272-980-6990x1627,187-07-4263,"5564 King Common, Smithside, MI 29890",1998-09-29,5203309232719376,95392.98,32
Pamela Jackson,tamirodriguez@hickman.biz,(319)314-9190x5865,071-65-5591,"1657 Ryan Street Suite 987, Grahamshire, MD 32678",1960-05-26,4379965075273545490,83905.09,35
Desiree Smith,allenrichard@chang.info,014.363.4957x885,436-96-9018,"4431 Leslie Summit Apt. 337, Jennyhaven, LA 13677",1967-09-17,4524082400842710947,127131.65,18
Jeremiah Lopez,shelley71@morales.org,+1-022-941-3186x9993,795-67-6233,"9649 Chelsea Streets Apt. 334, East Johnside, GA 00851",1982-04-20,38403447134935,121056.88,28
Joshua Holland,charlesmartin@yahoo.com,+1-947-174-6488x771,613-06-7079,"13990 Johnston Track Apt. 787, Howardshire, SC 64952",1960-09-16,30565512567468,113776.73,39
Krista Gibson,marcus68@gmail.com,+1-876-038-5977x03482,295-57-7942,"248 Andrea Course, Port Robin, DE 85397",1964-12-23,30484677378267,63344.56,31
Kyle Francis,hillkristy@morgan-french.com,4499727875,341-71-8904,"39636 Louis Mountains Suite 627, East Wayneshire, CT 58212",1961-04-15,180002621745965,144865.57,39
Sarah Phelps,courtney78@gmail.com,+1-134-316-1172x400,333-08-4807,"38692 Gregory Ridge Suite 937, East Steven, NH 33967",1999-11-18,639074821757,42265.23,42
Elizabeth Hayden DDS,james67@gmail.com,695.944.0640,580-88-0804,"PSC 7439, Box 5339, APO AA 89336",2005-12-01,3510470952145623,41605.97,40
Richard Walter,maria47@yahoo.com,001-517-123-6851x6048,127-59-6039,"651 Thomas River Suite 931, Blankenshipport, MT 15793",1964-01-06,501847113823,102447.12,69
Jacob Avery,nicolepena@yahoo.com,+1-640-537-7351x585,063-51-4521,"1390 Kristin Gardens, Port Anne, WV 73142",1968-08-06,3535290422842109,35214.05,47
Hunter Kramer,thompsonbrian@hotmail.com,(811)775-8917x83908,309-59-0511,"6177 Rachel Islands Apt. 124, Oscarhaven, NH 66764",1995-09-13,6011183673657662,94347.37,42
Emily Edwards,stephanie71@gmail.com,161-528-0988,338-86-2003,"049 Bell Ports Apt. 273, West Meganstad, WV 37013",1993-07-27,4899809402440,39456.02,36
Heather White,vjones@bonilla.biz,(752)545-9910x22901,279-57-6948,"4381 Jordan Haven Suite 840, South Tracey, AL 27295",1975-01-05,4445107622683,129528.56,57
Kathryn Whitaker,sandersjudy@yahoo.com,7159696641,415-03-5322,"516 John Radial Suite 816, Juliebury, WI 22538",1959-09-13,213188355231248,136254.21,41
Lance Wolf,stephanieburton@webster-wolf.info,+1-995-527-1774x49058,076-40-7566,"4119 Ford Plaza, South Reginashire, ID 42644",1995-09-03,30207151820375,99282.26,63
Kelly Bishop MD,vortiz@hotmail.com,+1-051-518-6449x251,597-85-2318,"PSC 4629, Box 1486, APO AP 43555",1963-03-14,4685054235733228,38346.62,60
Ryan Garcia,nancy92@bennett.org,(706)537-9473,547-31-5071,"Unit 7359 Box 7746, DPO AP 69636",1982-12-28,4924075818141241,57347.79,36
Jose Guerra,lisawilkerson@perry.net,(361)530-5152x204,850-61-2274,"9010 Lewis Drive Suite 143, Davidbury, SC 82134",1985-08-10,5479808932460956,148226.58,32
Jason Beck,carlos88@hartman.info,6540515319,753-97-5448,"527 Welch Valleys Apt. 170, Jamesborough, AZ 41866",1975-08-08,180087403450546,133978.04,42
Jacob Preston,lmorgan@yahoo.com,001-758-416-1692x845,106-11-5373,"9627 West Stream Suite 964, North Emilyfurt, NY 98791",2000-09-25,4297021355690926,63356.83,58
Tiffany Watson,alyssasanders@ramirez.com,868.144.7394x7312,874-10-7407,"55188 Vance Vista Apt. 258, North Tracie, DC 31530",1988-02-13,588957829116,130093.25,28
Zachary Higgins,emorrow@gmail.com,177-852-8922x68018,157-39-2698,"8414 Cynthia Plaza, Davidport, ND 12746",1988-09-13,4992299590010948,74421.72,31
Pamela Butler,ismall@may-turner.com,+1-647-102-7677x35925,883-92-5232,"2588 Luis Mountain Apt. 473, North Brent, RI 55306",1971-05-25,4953278774701685,110421.02,62
David Aguilar,campbellcarla@chambers.com,(245)650-6098x35841,396-65-7379,"912 Phillip Underpass Suite 852, New William, AZ 06439",1957-02-24,4787298259526946,142398.55,59
Katie Hicks,thomas05@yahoo.com,+1-169-409-7499x30972,537-81-6230,"91307 Barnes Loop, South Warren, NJ 96948",2004-01-01,060428385789,38568.3,58
Tyler Stevens,erica49@yahoo.com,348.434.4375,492-45-9184,"USNV Roberts, FPO AP 89187",1991-06-20,6552404157473383,50536.64,64
Justin Nelson,johnsantiago@perez.com,001-712-082-6773x454,662-08-1466,"026 Sarah Camp, Frenchburgh, LA 05411",1955-02-18,4547887287431527420,59377.31,47
George Phillips,cherylfowler@wilcox-robertson.com,(122)753-0463x7454,597-93-9387,"301 Parker Lodge Suite 145, East Susan, FL 60135",2005-05-21,3568783391878518,75534.65,58
Ashley Poole,franklinbond@wilson-harris.org,187.072.8679x0874,741-03-6488,"391 Rodney Squares, New Virginialand, AZ 38130",1982-04-29,4656766182512868,112579.44,32
Monica Walker,goodsteven@stephens.com,524.310.6903x311,609-05-7315,"06738 Karen Trail, East Williamport, VA 76012",1976-03-15,3534283644089261,112153.71,67
Amber Cooper,heather62@yahoo.com,(287)334-2708x6688,138-50-3979,"175 Amanda Village Apt. 046, Port Charlesshire, TN 73750",1969-04-08,30354033173936,123119.99,32
David Morris,powens@yahoo.com,458-771-7535x5609,885-29-2391,"2353 Hudson Gardens Suite 854, Levyfort, GA 96546",1978-06-20,4872808010062316,128616.31,69
Alexa Wagner,williamsonelizabeth@hotmail.com,700.886.0084x8408,833-90-7055,"18233 Ochoa Grove, Millerfurt, OK 32378",2001-12-12,4101666870029,67854.37,35
Ryan Newman,jacobsonsamantha@gmail.com,974.014.8902,871-41-0257,"USNS Goodwin, FPO AP 52706",1959-09-27,4939685621850163155,37942.63,54
Lisa Larson,walterskristen@yahoo.com,358.662.9619x4311,275-20-6226,"655 Christopher Inlet, Wardview, DC 11943",1967-04-03,6588861015819958,135164.12,38
Alexandria Gutierrez,ashleyjackson@jackson-adams.com,212.646.4715x4379,632-26-7502,"65965 Cook Via Apt. 459, South Leon, MD 38701",2004-07-05,3593564651939821,55515.19,49
Krista Benton,samuelcarter@hotmail.com,672-434-2661,460-77-7852,"058 Daniel Gateway Suite 290, Rasmussenmouth, NE 14387",1955-03-22,2253888993756798,77475.83,59
Brittany Cuevas,phillipssamantha@gmail.com,254-573-8757,100-57-7413,"10512 Zachary Plaza Apt. 586, Hallfurt, HI 24931",1998-02-01,4609379660334199,85062.22,34
Shane Lopez,stephenbaker@yahoo.com,596.969.1557x92499,087-87-2195,"1252 Barnes Dam, Hendersonfort, ND 91390",1998-05-31,4742257905072360,46755.64,65
Kathy Simpson,cmckinney@yahoo.com,(190)340-4384,173-59-9268,"819 Joseph Plains Suite 807, South Curtis, SD 98981",1971-05-07,4745171339596292335,97364.18,34
Laura Patel,tiffany44@adams.com,(604)223-2536,502-19-9461,"7116 Neal Wells Suite 775, Port Kimland, NH 83710",1999-09-12,3518636374545895,119641.66,45
Samuel Kramer,garciakristen@smith-noble.com,706.324.2415x415,681-84-2712,"361 Aaron Neck Apt. 293, Smithmouth, DE 55854",2001-09-24,4136111554262216,137738.75,43
Alejandra Santos,jennifer26@hotmail.com,+1-731-121-9656x52341,255-71-9847,"043 Julie Hill Apt. 376, East Victorland, AL 47830",1976-01-14,4965827109104308,73439.57,26
Tiffany Sanders,zhenderson@gmail.com,+1-889-241-4183x2856,601-82-1084,"303 Sandy Crescent Suite 990, Elizabethburgh, AL 93286",1963-11-03,3527588425241058,91143.16,23
Denise Brown,xgibson@porter.com,(241)913-8000x307,373-50-2459,"635 Robert Stravenue, Josephland, MN 16151",1988-08-31,4238061744518703,120693.86,25
Eddie Mueller,frichardson@oconnor.com,(060)385-0506,870-95-5039,"7024 Bradley Fort, Haynesstad, WA 11629",1994-01-09,2626199062344569,48340.96,28
Nancy Stewart,charlesharris@hotmail.com,212-775-6185,789-27-7405,"12490 Mary Islands Apt. 135, Palmerport, HI 04574",1982-01-08,30317121003232,125049.52,45
Jacqueline Mccoy,samantha10@gonzalez.info,(151)070-2966,509-04-6271,"3244 Stephenson Bypass, Lake Kenneth, OH 63288",1958-08-26,2256263838065788,101569.08,42
Hailey Cunningham,bnelson@yahoo.com,+1-304-078-5932x133,273-69-0917,"652 Joel Island, Robintown, UT 46596",1993-02-17,3593784270103936,75794.31,47
John Rivera,matthewthompson@brown-hernandez.com,001-185-156-9154x52267,665-41-2855,"92644 Gregory Alley Suite 902, Samanthabury, OK 14146",1988-04-07,4135521570433156,93493.72,53
Brian Smith,koconnor@yahoo.com,658.617.9327x1040,327-34-1716,"2181 Wheeler Ridges, Bushchester, GA 80103",1984-01-19,4153368844431062,133293.56,18
Sara Hernandez,pattersonkelly@hotmail.com,+1-973-103-2417x1467,501-85-4342,"56527 Jose Mountain Suite 349, East Karenville, TN 45562",1991-05-07,6011806868793740,111634.01,25
Steven Klein,averyshane@stanton.com,6163294511,398-72-6511,"709 Rodriguez Drive Apt. 999, North Annaville, LA 70707",1977-11-25,6567997024629965,111805.24,52
Steve Rivera,reesesamantha@smith-roth.com,471-324-7546x9137,217-53-7938,"82148 Taylor Vista Apt. 233, East Antonioton, MN 92858",1968-01-19,4786103579727985524,120105.34,67
Deanna Rivas,anthony02@chan.com,+1-346-800-7229x03494,730-91-4512,"7437 Byrd Views Suite 910, Annaport, TX 14670",1987-04-14,2274544432830968,106915.42,25
Melanie Griffith,jordan66@yahoo.com,001-099-353-8758x4282,301-13-7714,"825 Jeffrey Fork Suite 655, Brendamouth, DE 62175",1958-02-26,4738168460223569,65220.02,28
Dr. Victoria Thomas,freemancrystal@edwards.com,432.927.1296x666,489-50-0077,"505 Andrew Avenue, East Heather, ME 17400",1961-06-28,6521044789856254,84446.84,64
Katherine Christensen MD,perezjessica@gmail.com,098.215.0648,639-07-9731,"Unit 1001 Box 6761, DPO AP 33627",1986-10-14,3530461849926180,135102.35,34
Autumn Wilson,mgonzalez@decker-dudley.com,001-642-087-3753x001,114-74-8096,"114 Stephen Hill, Stevenville, HI 05671",1974-04-11,376110022557949,146626.57,66
Anna Briggs,moralessuzanne@houston-vaughn.info,(212)021-6979x72965,627-04-2141,"67014 Smith Ways Apt. 588, South Dorothybury, MI 87494",2000-07-10,4289002877217539,51438.23,24
Donald Hunter,fmontoya@yahoo.com,971.775.1701x660,571-71-0003,"837 Cox Center Apt. 758, Moranstad, NV 15446",1961-02-17,4055488510272613,134462.23,37
Craig Martinez,stephenharrington@hotmail.com,160-917-7982x70808,444-75-7913,"PSC 2922, Box 1699, APO AA 66575",1980-09-04,6011465472269843,131000.32,50
Kimberly Edwards,jasonklein@reed.com,851.587.9968x46081,026-49-2382,"42442 Hannah Hill, Port Amber, NV 13933",1996-06-05,4863840666580045,103076.43,27
Sean Dalton,rhondabush@hotmail.com,(989)334-7212x281,387-06-7021,"29405 Mckinney Drives Apt. 259, Port Sarahport, WY 75562",1991-12-10,345832818268864,74869.66,28
Daniel Lewis,michael39@hotmail.com,801.573.9930x5616,263-70-4634,"877 Kenneth Run Apt. 581, East Teresaside, AL 82674",1958-12-16,4613861207500,94725.48,67
Anthony Bauer,rhondarussell@mccoy-hamilton.com,(180)919-0158x1449,089-37-7171,"2832 Robles Vista, Susanberg, TX 96095",1998-08-05,348821009968819,140692.09,18
Paul Berger,robertbrewer@hotmail.com,(223)943-1290,872-97-8993,"1413 Lynn Knolls, Lake Diana, LA 81702",1959-04-03,4775949299559,101873.35,49
Caroline Edwards,xhill@frazier.info,754.781.2914x283,270-94-1253,"099 Hammond Forest, New Jorgeside, SD 19982",1979-05-25,6011942788165808,32337.21,41
Sarah Drake,seanwhite@hopkins.info,(037)314-5303x856,481-59-0761,"84498 Nicholas Lane Suite 918, Nicholasbury, MO 46756",1977-12-24,38908272318437,135446.63,69
Christopher Guzman,robertrivera@olson.info,926.030.2992,138-81-8400,"24286 Natalie Stream, Staceyborough, PA 62290",1987-04-12,4692929842579919,66901.7,21
James Rodriguez,mserrano@thompson.org,8811729806,535-54-6069,"76599 Ronald Glens Suite 314, Scotttown, WA 01433",1993-10-31,213180635651261,58904.59,54
Dawn Wyatt,cheryl63@yahoo.com,+1-872-588-7449,353-91-6523,"372 Jason Locks, Laurenton, MS 83846",1954-11-11,5579611435190669,143633.93,23
Kelly Dawson,daniellegonzales@jefferson.com,098.839.2053,671-01-2580,"5669 April Street Apt. 184, Michaelview, PA 25997",1985-06-13,6011426818184518,117828.91,70
Tina Walter,kchurch@yahoo.com,001-357-790-7141x63356,362-67-8777,"41651 Thomas Knoll Apt. 942, South Jillian, WA 32227",1972-07-24,4339521117901,38305.5,66
Kimberly Williams,christine79@yahoo.com,284.639.2086x7808,356-51-2864,"875 Alexander Fords, Carpentermouth, RI 34540",1967-03-28,180034795527630,93924.74,26
Paul Diaz,shannon92@hotmail.com,+1-314-386-6322x70267,138-81-8471,"4489 Raymond Spurs Apt. 034, Combsville, WA 44365",1972-03-06,378845061593994,45406.98,48
Kimberly Krause,mark87@hotmail.com,169.472.2569x961,082-21-5630,"449 Nelson Mills Suite 987, Jacksontown, VA 31254",1999-07-21,4326111780068114923,143621.84,28
Timothy Price,joanramos@anderson.com,5577848728,182-76-9791,"845 Fernandez Valley Apt. 745, Greenport, AL 69093",2006-02-07,4478077406493083,61806.8,56
Jason Castro,frankmclaughlin@yahoo.com,(341)638-9448x4631,187-18-4745,"749 Lopez Brook Apt. 080, North Julian, VT 57965",2003-12-25,561207356479,80776.55,31
Mrs. Raven Rivera DVM,adamsphilip@harrison.biz,1367303718,682-27-7747,"2088 Jon Route Suite 350, North Joel, MD 02475",1965-11-21,4630097925132719503,141469.62,66
Matthew Miles,tonystewart@kramer.info,001-306-524-0778x4873,581-24-8907,"9821 Shannon Viaduct Suite 857, Port Danafurt, HI 02954",1996-09-03,345186387829451,117591.73,30
Frank Davis,conleydavid@harris.com,096-789-9405,227-78-1162,"717 Michael Summit, Shortton, RI 35341",1990-07-02,060414138119,115553.88,43
Kim Lopez,angelagrant@garcia.info,001-612-286-8528x975,323-71-5320,"659 Anna Forest Suite 845, Westfurt, VA 05044",1973-11-10,3582404335048884,149417.92,59
Laura Davis,eric45@hotmail.com,344.196.9315,812-62-2833,"409 Miller Centers, Michaelchester, DE 30217",2005-05-19,4604805892583208,74810.46,51
Yolanda Maddox,ryanhartman@anderson.info,001-086-416-8622,493-72-3246,"983 Charles Trail, Morrisshire, DE 88548",1982-08-24,6553559042597925,84178.34,33
Thomas Hall,katherinefarrell@gmail.com,001-039-240-5147x7053,758-69-3472,"792 Nicholas Shore Apt. 420, Jamesview, NH 86321",1955-01-26,2294510463681576,56963.68,39
Kim Lopez,williamssandra@yahoo.com,762-055-5438x40460,569-36-3696,"216 Robert Ports Apt. 649, Shaneberg, SD 18664",1994-01-15,213124826292519,32524.11,53
Tiffany Wilson,jessicacannon@yahoo.com,(474)231-2209x94999,237-77-3805,"1728 Joseph Landing, Port Paul, DC 21968",1967-08-27,4604633312793,57613.77,32
Frederick Ellis II,franklinmadison@hotmail.com,699-988-0817x70388,406-95-0644,"47644 Jackson Hill, Lake Zacharyberg, SD 59705",1960-08-27,3529826657027938,30862.9,63
